"Designator","Comment","Value","Footprint","JLCPCB Part #"
"U1","","C42394205","C42394205","C42394205"
"J1","","C124418","C124418","C124418"
"SW5","","C139794","C139794","C139794"
"SW1","","C2837531","C2837531","C2837531"
"SW2","","C2837531","C2837531","C2837531"
"BT1","",""," ",
"J2","","C131337","C131337","C131337"
"U2","","C1518769","C1518769","C1518769"
"R1","4.7k","4.7k","res0603","C23162"
"R2","4.7k","4.7k","res0603","C23162"
"C1","100n","100n","cap0603","C14663"
"C2","10u","10u","cap0603","C19702"
"U3","","C725790","C725790","C725790"
"R3","5.1k","5.1k","res0603","C22975"
"C3","10u","10u","cap0603","C19702"
"D1","","C2480","C2480","C2480"
"SW6","","C431540","C431540","C431540"