Designator,Mid X,Mid Y,Layer,Rotation
U1,-10.000,0.000,bottom,0
J1,1.600,-19.500,top,0
SW5,-28.000,2.000,top,45
SW1,30.000,8.000,top,90
SW2,30.000,-6.000,top,90
BT1,1.600,1.000,top,0
J2,21.000,18.500,top,90
U2,-27.000,15.000,top,0
R1,-22.000,19.000,top,0
R2,-22.000,11.000,top,0
C1,-22.000,15.000,top,0
C2,17.500,-16.500,top,90
U3,26.500,-16.500,top,0
R3,31.500,-16.500,top,90
C3,19.000,-20.500,top,90
D1,13.500,-20.500,top,0
SW6,-18.000,-19.494,top,0
LED1,-27.000,-20.000,top,180
R4,-27.000,-17.000,top,0
LED2,-12.000,-20.000,top,0
R5,-12.000,-17.000,top,0